,Term
0,A
1,Aaron
2,Aaronic Priesthood
3,Ab
4,Abaddon
5,Abarim
6,Abba
7,Abed-nego
8,Abel
9,Abiathar
10,Abib
11,Abigail
12,Abihu
13,Abilene
14,Abimelech
15,Abinadab
16,Abner
17,Abomination
18,Abomination of desolation
19,Abraham
20,"Abraham, covenant of"
21,Abrahamâs Bosom
22,Absalom
23,Accho
24,Accursed
25,Aceldama
26,Achaia
27,Achan
28,Achish
29,Acts of the Apostles
30,Adam
31,Adar
32,Admiration
33,Adonijah
34,Adoniram
35,Adoni-zedek
36,Adoption
37,Adrammelech
38,Adultery
39,"Adummim, the going up of, or to"
40,Advocate
41,Aeneas
42,Aenon
43,Agabus
44,Agag
45,Agriculture
46,Agrippa
47,Ahab
48,Ahasuerus
49,Ahaz
50,Ahaziah
51,Ahijah
52,Ahimaaz
53,Ahimelech
54,Ahinoam
55,Ahithophel
56,Aholiab
57,Ai and Hai
58,"Ajalon, Valley of"
59,Alexander
60,Alexandria
61,Algum
62,"Alleluia, hallelujah"
63,Almond tree
64,Almsgiving
65,Almug
66,"Aloes, or lign-aloes"
67,Alpha
68,Alphaeus
69,Altar
70,"Amalek, Amalekites"
71,Amarna
72,Amasa
73,Amaziah
74,Amen
75,"Ammon, Ammonites"
76,Amorites
77,Amos
78,Amram
79,"Anak, Anakim"
80,Ananias
81,Anathema
82,Andrew
83,Angels
84,Animals
85,"Anise, or dill"
86,Anna
87,Annas
88,Annunciation
89,Anoint
90,Anointed One
91,Anon
92,Antichrist
93,Antioch
94,Antiochus Epiphanes
95,Antipas or Antipater
96,Antipatris
97,"Apharsachites, -sathchites, -sites"
98,Apocalypse
99,Apocrypha
100,Apollos
101,Apollyon
102,Apostle
103,"Appii Forum, or Market of Appius"
104,Aquila
105,Ar
106,"Arabia, Arabians"
107,"Aram, Arameans"
108,Aramaic
109,Ararat
110,Arba
111,Archelaus
112,Architecture
113,Areopagite
114,Areopagus
115,Aretas
116,Ariel
117,Arimathea
118,Aristarchus
119,Aristobulus
120,Ark
121,Ark of the Covenant
122,Armageddon
123,Arnon
124,Artaxerxes
125,Asa
126,Asahel
127,Asaph
128,Ascension
129,Asenath
130,Ashdod or Azotus
131,Asher
132,"Ashkelon, Askelon"
133,Ashtaroth
134,Asia
135,Asp
136,Assyria and Babylonia
137,Athaliah
138,Athens
139,Atonement
140,"Atonement, Day of"
141,Augustus
142,Authorized Version
143,Azariah
144,Azekah
145,Azotus
146,B
147,Baal
148,Baasha
149,Babel
150,Babylon or Babel
151,Balaam
152,Balm
153,Baptism
154,Bar
155,Barabbas
156,Barak
157,Barbarian
158,Bar-jesus
159,Bar-jona
160,Barley
161,Barnabas
162,Barsabas
163,Bartholomew
164,Bartimaeus
165,Baruch
166,Bashan
167,Bat
168,Bath
169,Bathsheba
170,Bdellium
171,Bear
172,Beard
173,Beatitudes
174,Beautiful Gate of the Temple
175,Beelzebub
176,Beersheba
177,Behemoth
178,Bel
179,Belial
180,Belshazzar
181,Belteshazzar
182,Ben
183,Benaiah
184,Benhadad
185,Benjamin
186,Benoni
187,Beryl
188,Beth
189,Bethabara
190,Bethany
191,Bethel
192,Bethesda
193,Beth-horon
194,Bethlehem
195,Bethphage
196,Bethsaida
197,Beth-shan or Beth-shean
198,Beth-shemesh
199,Bethuel
200,Beulah
201,Bible
202,"Bible, English"
203,Bilhah
204,Birthright
205,Bishop
206,Bitter herbs
207,Bittern
208,Blasphemy
209,Blindness
210,Blood
211,Boanerges
212,Boaz
213,Book of life
214,Bottles
215,Brazen serpent
216,Breastplate
217,Brethren of the Lord
218,"Bride, bridegroom, bridegroomâs friend"
219,Brigandine
220,"Brimstone, or sulphur"
221,Bruit
222,Buckler
223,Bul
224,Burial
225,Burning bush
226,Burnt offering
227,By and by
228,C
229,Cab
230,Caesar
231,Caesarea
232,Caesarea Philippi
233,Caiaphas
234,Cain
235,Caleb
236,Calendar
237,Calvary
238,"Calves, golden, worship of"
239,Camel
240,Camelâs hair
241,Canaan
242,Canaanite
243,Cana of Galilee
244,Candlestick
245,Cankerworm
246,Canon
247,Canticles
248,Capernaum
249,Cappadocia
250,Captain of the Temple
251,Captivities of the Israelites
252,Carbuncle
253,Carchemish
254,Carmel
255,Carriage
256,Cassia
257,Castor and Pollux
258,Caul
259,Cedar
260,Cedron
261,Censer
262,Centurion
263,Cephas
264,Chalcedony
265,Chaldea
266,Chamberlain
267,Charger
268,Chariot
269,Charity
270,Chebar
271,Chedorlaomer
272,Chemosh
273,Cherubim
274,"Chinnereth, -roth"
275,Chisleu or Kislew
276,Chittim or Kittim
277,Chloe
278,Chorazin
279,Christ
280,"Christ, names of"
281,Christians
282,"Christs, false"
283,Chronicles
284,Chronology
285,Chrysolite
286,Church
287,Cilicia
288,Circumcision
289,Cities of refuge
290,Claudius
291,Clean and unclean
292,Cleanness of teeth
293,Clement
294,Cleopas
295,Cleophas
296,Clothing
297,Cloud
298,Cockatrice
299,Codex
300,Coins
301,College
302,Colony
303,Colosse
304,"Colossians, Epistle to"
305,Comforter
306,Coming of Jesus Christ
307,"Commandments, the Ten"
308,Commerce
309,Communion
310,Compass
311,Coney or rock-badger
312,Confession
313,Confirmation
314,Conscience
315,Conversation
316,Conversion
317,Convince
318,Cor
319,Corban
320,Corinth
321,"Corinthians, Epistles to"
322,Corn
323,Cornelius
324,Coulter
325,Council
326,Covenant
327,Crete
328,Crucifixion
329,Cubit
330,Cummin
331,Cush
332,"Cuth, Cuthah"
333,Cutting the flesh
334,Cyprus
335,Cyrene
336,Cyrenius
337,Cyrus
338,D
339,Dagon
340,Daily service
341,Dalmanutha
342,Dalmatia
343,Damascus
344,Damnation
345,Dan
346,Dancing
347,Daniel
348,"Daniel, book of"
349,Darius
350,Darkness
351,David
352,Day of Atonement
353,Dayspring
354,Daystar
355,Deacon
356,Dead Sea
357,Dead Sea Scrolls
358,Death
359,Deborah
360,Decalogue
361,Decapolis
362,"Decision, Valley of"
363,"Dedication, Feast of the"
364,"Degrees, songs of"
365,Degrees of glory
366,Dehavites
367,Delilah
368,Demetrius
369,Demoniacs
370,Denarius
371,Deputy
372,Deuteronomy
373,Devil
374,Dew
375,Diana
376,Diaspora
377,Didymus
378,Dinah
379,Dinaites
380,Diotrephes
381,Disciple
382,Disfigurement of oneâs own body
383,Dispensations
384,Dispersion
385,Divination
386,Divorce
387,Dog
388,Dorcas
389,Dothan
390,"Dove, or turtle-dove"
391,"Dove, sign of"
392,Dragon
393,Dreams
394,Dromedary
395,Drusilla
396,Dulcimer
397,E
398,Earnest
399,Easter
400,"Ebal, Mount"
401,Ebenezer
402,Eber
403,Ecclesiastes
404,"Eden, Garden of"
405,Edom
406,Edrei
407,Education
408,Egypt
409,"Egypt, River of"
410,Ehud
411,Ekron
412,El
413,"Elah, Valley of"
414,Elam
415,Elath or Eloth
416,El-bethel
417,Eldad and Medad
418,Elders
419,Eleazar
420,Election
421,El-elohe-Israel
422,El Elyon
423,Elephant
424,Eli
425,Eliakim
426,Elias
427,Eliezer
428,Elihu
429,Elijah
430,Elisabeth
431,Eliseus
432,Elisha
433,Elishah
434,Eloi
435,Elul
436,Elymas
437,Embalming
438,Embroidery
439,Emerald
440,Emerods
441,Emims
442,Emmanuel
443,Emmaus
444,Endor
445,En-gedi
446,Engines of war
447,Engraving
448,Enoch
449,Enos
450,Epaphroditus
451,Ephah
452,"Ephesians, Epistle to"
453,Ephesus
454,Ephod
455,Ephphatha
456,Ephraim
457,"Ephraim, City of"
458,"Ephraim, Gate of"
459,"Ephraim, Mount"
460,"Ephraim, stick of"
461,"Ephraim, Wood of"
462,"Ephrath, Ephratah"
463,Epicureans
464,Epiphanes
465,Epistles
466,Erastus
467,Esaias
468,Esarhaddon
469,Esau
470,Esdraelon
471,Esdras
472,Essenes
473,"Esther, book of"
474,Ethanim
475,Ethiopia or Cush
476,Eunice
477,Eunuch
478,Euphrates
479,Euroclydon
480,Eutychus
481,Evangelist
482,Eve
483,Evil-merodach
484,"Exodus, book of"
485,Exorcist
486,Ezekias
487,Ezekiel
488,Ezion-gaber or -geber
489,Ezra
490,F
491,Faith
492,Fall of Adam and Eve
493,Family
494,Fan
495,Farthing
496,Fasts
497,Fear
498,Feasts
499,Felix
500,Felloes
501,Festus
502,Fiery serpents
503,Fig tree
504,Fir
505,Fire
506,Firmament
507,Firstborn
508,Firstfruits
509,Fish
510,Flesh
511,Frankincense
512,Frontlets or phylacteries
513,Froward
514,Fullers
515,Furniture
516,G
517,Gabriel
518,Gad
519,Gadara
520,Gaius
521,Galatia
522,"Galatians, Epistle to"
523,Galeed
524,Galilee
525,"Galilee, Sea of"
526,Gall
527,Galley
528,Gallio
529,Gamaliel
530,Games
531,Gate
532,Gath
533,Gaza
534,Gehenna
535,Genealogy
536,General Epistles
537,Genesis
538,"Gennesaret(h), Land of"
539,Gentile
540,Gerar
541,Gergesenes
542,Gerizim and Ebal
543,Gethsemane
544,Giants
545,"Gibeon, Gibeonites"
546,Gideon
547,Gier eagle
548,Gihon
549,Gilboa
550,Gilead
551,Gilgal
552,Girgashites
553,Glass
554,Gleanings
555,"Glory of the Lord, or of Jehovah"
556,Goad
557,Goats
558,God
559,Gog
560,Golan
561,Gold
562,Golgotha
563,Goliath of Gath
564,Gomorrah
565,Gopher wood
566,Goshen
567,Gospels
568,Gourd
569,Gozan
570,Grace
571,Great Sea
572,Grecians
573,Greece
574,Grove
575,H
576,Habaiah
577,Habakkuk
578,Habergeon
579,Hadad
580,Hades
581,Hagar
582,Haggai
583,Hagiographa
584,Halah
585,Hallel
586,Hallelujah
587,Ham
588,Haman
589,Hamath
590,Hananeel
591,Hannah
592,Hara
593,Haran
594,Hare
595,Harp
596,Hart
597,Hasideans
598,Hasmonean
599,Havilah
600,Hazael
601,Health
602,Heaven
603,Hebrew
604,"Hebrews, Epistle to"
605,Hebron
606,Hell
607,Hellenists
608,Helps
609,Helve
610,Hemlock
611,Hem of garment
612,Hephzibah
613,Hermon
614,Herod
615,Herodians
616,Herodias
617,Heth
618,Hezekiah
619,Hezekiahâs Tunnel
620,Hiel
621,Hierapolis
622,High places
623,High priest
624,Hill country
625,"Hinnom, Valley of"
626,Hiram
627,Hittites
628,Hivites
629,Holiness
630,Holy Ghost
631,Holy of Holies
632,Holy One of Israel
633,Holy Place
634,Holy Spirit
635,Homer
636,Hor
637,Horeb
638,Horse
639,Hosanna
640,"Hosea, or Hoshea"
641,Hospitality
642,Hough
643,Hour
644,House
645,Hur
646,Husks
647,Hyksos
648,Hymns
649,Hypocrite
650,Hyssop
651,I
652,Iconium
653,Idol
654,Idumea
655,Immanuel
656,Incense
657,Incontinency
658,Inheritance
659,Isaac
660,Isaiah
661,Ishmael
662,Isles
663,Israel
664,"Israel, Kingdom of"
665,Issachar
666,Italics
667,Ithamar
668,J
669,"Jabesh, or Jabesh-gilead"
670,Jachin and Boaz
671,Jacob
672,Jacobâs Well
673,Jael
674,Jairus
675,Jambres
676,James
677,"James, Epistle of"
678,Jamnia
679,Jannes and Jambres
680,Japheth
681,"Jasher, book of"
682,Jason
683,Jasper
684,Javan
685,Jebus
686,Jehoiachin
687,Jehoiada
688,Jehoiakim
689,Jehoram or Joram
690,Jehoshabeath or Jehosheba
691,Jehoshaphat
692,"Jehoshaphat, Valley of"
693,Jehovah
694,Jehovah-jireh
695,Jehovah-nissi
696,Jehovah-shalom
697,Jehovah-shammah
698,Jephthah
699,Jeremiah
700,Jeremias or Jeremy
701,Jericho
702,Jeroboam
703,Jerubbaal
704,Jerubbesheth
705,Jerusalem
706,Jeshua
707,Jesse
708,Jesus
709,Jethro
710,Jew
711,Jezebel
712,Jezreel
713,Joab
714,Joanna
715,Joash
716,"Job, book of"
717,Jochebed
718,Joel
719,John
720,"John, Epistles of"
721,"John, Gospel of"
722,"John, Revelation of"
723,John Mark
724,John the Baptist
725,Jonah
726,Jona or Jonas
727,Jonathan
728,Joppa
729,Jordan River
730,Joseph
731,"Joseph, stick of"
732,Joseph Smith Translation (JST)
733,Joses
734,Joshua
735,"Joshua, book of"
736,Josiah
737,Jotham
738,"Jubilee, Year of"
739,Juda
740,Judah
741,"Judah, Kingdom of"
742,"Judah, stick of"
743,Judas
744,Jude
745,"Jude, Epistle of"
746,Judea
747,"Judges, book of"
748,"Judges, the"
749,Judgment Hall
750,Jupiter
751,K
752,Kadesh or Kadesh-barnea
753,Kenites
754,Kerioth
755,Keturah
756,Kidron
757,Kine
758,Kingdom of heaven or kingdom of God
759,"Kings, books of"
760,Kirjath-arba
761,Kirjath-jearim
762,Kishon
763,Knop
764,Knowledge
765,Kohath
766,Korah
767,Kosher
768,L
769,Laban
770,Lachish
771,Lamb of God
772,Lamech
773,"Lamentations, book of"
774,Lamp
775,Laodicea
776,Laver
777,Law of Moses
778,Lawyer
779,Laying on of hands
780,Lazarus
781,Leah
782,Leasing
783,Leaven
784,Lebanon
785,Lees
786,Legion
787,Lehi
788,Leper
789,Leprosy
790,Let
791,Levi
792,Leviathan
793,Levirate marriage
794,Levites
795,Leviticus
796,Libertines
797,Libya
798,Light of Christ
799,Linus
800,Lo-ammi
801,Locusts
802,Lord
803,"Lord of Hosts, or Lord of Sabaoth"
804,Lordâs Day
805,Lordâs Prayer
806,Lordâs Supper
807,Lo-ruhamah
808,Lost books
809,Lot
810,"Lots, casting of"
811,Lucifer
812,Luke
813,"Luke, Gospel of"
814,Luz
815,Lycaonia
816,M
817,Maccabees
818,Macedonia
819,Machaerus
820,Machpelah
821,Magdalene
822,Magi
823,Magog
824,Malachi
825,Mallows
826,Mammon
827,Mamre
828,Manasseh
829,Mandrake
830,Manna
831,Maran-atha
832,Mark
833,"Mark, Gospel of"
834,Marriage
835,Martha
836,Martyr
837,Mary
838,Mary Magdalene
839,Masoretic text
840,Matthew
841,"Matthew, Gospel of"
842,Matthias
843,Mean
844,Measures
845,Meat
846,Meat offering or meal offering
847,Media
848,Medicine
849,Meet
850,Megiddo
851,Melchizedek
852,Melchizedek Priesthood
853,Mene mene tekel upharsin
854,Mephibosheth
855,Mercurius
856,Mercy Seat
857,Meribah
858,Merodach-baladan
859,Mesha
860,Mesopotamia
861,Messiah
862,Methuselah
863,Micah
864,Michael
865,Michal
866,Midian
867,Midianites
868,Milcom
869,Millstone
870,Mines
871,Ministry
872,Miracles
873,Miriam
874,Mirrors
875,Missing scripture
876,Mizpah or Mizpeh
877,Mizraim
878,Moab
879,Moabite Stone
880,"Molech, or Milcom"
881,Money
882,Month
883,Moriah
884,Moses
885,"Moses, law of"
886,Mule
887,Murder
888,Music
889,Mustard
890,Myrrh
891,Mysia
892,Mystery
893,N
894,Naaman
895,Naboth
896,Nadab
897,Nahor
898,Nahum
899,Nain
900,Names of persons
901,Naomi
902,Naphtali
903,Nathan
904,Nathanael
905,Nazarene
906,Nazareth
907,Nazarite
908,Nebo
909,"Nebuchadnezzar, Nebuchadrezzar"
910,Necho
911,Negev
912,Nehemiah
913,Nergal-sharezer
914,New Moon
915,New Testament
916,Nicodemus
917,Nicolaitans
918,Nicolas
919,Nile
920,Nimrod
921,Nineveh
922,Nisan
923,Nisroch
924,No
925,Noah
926,Nob
927,Noph
928,Numbers
929,O
930,Obadiah
931,Obed
932,Obed-edom
933,Occupy
934,Og
935,Old Testament
936,"Olives, Mount of, or Olivet"
937,Olive tree
938,Omega
939,Omer
940,Omri
941,On
942,Onan
943,Onesimus
944,Ophir
945,Organ
946,P
947,Padan
948,Palestine
949,Parables
950,Paraclete
951,Paradise
952,"Paran, Wilderness of"
953,Parousia
954,Parthians
955,Passover
956,Pastoral Epistles
957,Pathros
958,Patmos
959,"Patriarch, patriarchs"
960,Paul
961,Pauline Epistles
962,Peace offering
963,Peculiar
964,Pekah
965,Peleg
966,Pella
967,Peniel
968,Penny
969,Pentateuch
970,Pentecost
971,Perizzites
972,Persia
973,Peter
974,"Peter, Epistles of"
975,Pharaoh
976,Pharisees
977,Philemon
978,Philip
979,Philippi
980,"Philippians, Epistle to"
981,Philistines
982,Phinehas
983,Phoenicia
984,Phylacteries
985,Piece of silver
986,Pilate
987,Pinnacle of the temple
988,Pisgah
989,Pit
990,Pithom
991,Pleiades
992,Pollux
993,Pontius
994,Pontus
995,Potiphar
996,Poti-pherah
997,Potterâs Field
998,Pound
999,Praetorium
1000,Prayer
1001,Presently
1002,Prevent
1003,Prick
1004,Priests
1005,Prisca
1006,Priscilla
1007,Prophet
1008,Proselytes
1009,"Proverbs, book of"
1010,Psalms
1011,Psaltery
1012,Pseudepigrapha
1013,Ptolemais
1014,Publicans
1015,Pul
1016,Pulse
1017,Punishments
1018,Purification
1019,Purim
1020,Q
1021,Quaternion of soldiers
1022,Quick
1023,Quotations from the Old Testament in the New Testament
1024,R
1025,Raamses
1026,Rabbah
1027,Rabbi
1028,Rabboni
1029,Rachel
1030,Rahab
1031,Rain
1032,Rainbow
1033,Ramah
1034,Rameses
1035,Ramoth-gilead
1036,Ras Shamrah Tablets
1037,Rebekah
1038,Recorder
1039,Redemption
1040,Red Sea
1041,Refiner
1042,"Refuge, cities of"
1043,Regeneration
1044,Rehoboam
1045,Rehoboth
1046,Reins
1047,Repentance
1048,Rephaim
1049,Rephidim
1050,Replenish
1051,"Restitution, restoration"
1052,Resurrection
1053,"Retaliation, law of, or lex talionis"
1054,Reuben
1055,Reuel
1056,Revelation
1057,Revelation of John
1058,Revenge
1059,Rezin
1060,Rimmon
1061,River
1062,Rod
1063,Roll
1064,Roman Empire
1065,"Romans, Epistle to"
1066,Rome
1067,Ruth
1068,Rye or rie
1069,S
1070,Sabaoth
1071,Sabbath
1072,Sabbath dayâs journey
1073,Sabbatical Year
1074,Sabeans
1075,Sacrifices
1076,Sadducees
1077,Saint
1078,Salem
1079,Salim
1080,Salome
1081,"Salt, Valley of"
1082,Salt Sea
1083,Samaria
1084,Samaritans
1085,Samson
1086,Samuel
1087,"Samuel, books of"
1088,Sanballat
1089,Sanhedrin
1090,Sarah or Sarai
1091,Sarepta
1092,Sargon
1093,Satan
1094,Saul
1095,Scapegoat
1096,Schools of the Prophets
1097,Scorpion
1098,Scribe
1099,Scrip
1100,Scripture
1101,Scroll
1102,Scythian
1103,Sebat
1104,Seed of Abraham
1105,Seer
1106,Seir
1107,Selah
1108,Senate
1109,Sennacherib
1110,Sepharvaim
1111,Septuagint
1112,Seraphim
1113,Sermon on the Mount
1114,"Serpent, brazen"
1115,Seth
1116,Shaddai
1117,Shallum
1118,Shalmaneser
1119,Sharon
1120,Shearing house
1121,Sheba
1122,Shechem
1123,Shechinah
1124,Sheep
1125,Shekel
1126,Shem
1127,Shemaiah
1128,Sheol
1129,Shephelah
1130,Shewbread
1131,Shibboleth
1132,Shiloh
1133,Shimei
1134,"Shinar, Plain of"
1135,"Ship, shipping"
1136,Shishak
1137,Shittim
1138,Shushan
1139,Sibboleth
1140,"Siddim, Vale of"
1141,Sidon
1142,Sihon
1143,Silas
1144,Siloam
1145,Silvanus
1146,Simeon
1147,Simon
1148,"Sin, Wilderness of"
1149,Sinai
1150,"Sinim, Land of"
1151,Sin offering
1152,Sion
1153,Sisera
1154,Sivan
1155,Sling
1156,Sod
1157,Sodom
1158,Solomon
1159,Solomonâs Porch
1160,Song of Solomon
1161,Son of God
1162,Son of Man
1163,Soothsayer
1164,Sorcerer
1165,Spikenard
1166,Spirit
1167,"Spirit, the Holy"
1168,Stacte
1169,Staff
1170,Stater
1171,Stephen
1172,Stick of Ephraim
1173,Stick of Joseph
1174,Stick of Judah
1175,Stoics
1176,Stranger
1177,Stuff
1178,Succoth
1179,Succoth-benoth
1180,"Suffer, suffered"
1181,Swine
1182,Sycamine tree
1183,Sychar
1184,Sycomore or sycamore
1185,Symbolism
1186,Synagogue
1187,"Synagogue, the Great"
1188,Syria
1189,Syriack language
1190,Syrophenician
1191,T
1192,Tabernacle
1193,Tabret
1194,Talmud
1195,Tamar
1196,Tammuz
1197,Tares
1198,Tarshish
1199,Tarsus
1200,Tebeth
1201,Teil tree
1202,Tell el-Amarna Letters
1203,Temple
1204,Temple of Herod
1205,Temple of Solomon
1206,Temple of Zerubbabel
1207,Temple on Mount Gerizim
1208,Tempt
1209,Ten Commandments
1210,Terah
1211,Teraphim
1212,Testament
1213,Tetrarch
1214,Thaddaeus
1215,"Thank offering, or peace offering"
1216,Theophilus
1217,"Thessalonians, Epistles to"
1218,Thessalonica
1219,Thomas
1220,Thummim
1221,Thyatira
1222,Thyine wood
1223,Tiberias
1224,"Tiberias, Sea of"
1225,Tiglath-pileser
1226,Timotheus
1227,Timothy
1228,"Timothy, Epistles to"
1229,Tiphsah
1230,Tire
1231,Tirshatha
1232,Tithe
1233,Titus
1234,"Titus, Epistle to"
1235,Topheth
1236,Torah
1237,Trachonitis
1238,"Transfiguration, Mount of"
1239,Trespass offering
1240,Troas
1241,Turtle
1242,Tyre
1243,U
1244,Uncleanness
1245,Unicorn
1246,Ur
1247,Urim and Thummim
1248,Usury
1249,Uz
1250,Uzzah
1251,Uzziah
1252,V
1253,Vanity
1254,Vashti
1255,Veil
1256,Vine
1257,Viol
1258,Vows
1259,Vulgate
1260,Vulture
1261,W
1262,Wanted
1263,War in Heaven
1264,Watches
1265,Wave offering
1266,Weaving
1267,"Weeks, Feast of"
1268,Weights and measures
1269,Whale
1270,Wilderness of the Exodus
1271,Wimple
1272,"Winefat, winepress"
1273,Wise Men of the East
1274,Wormwood
1275,Writing
1276,Y
1277,Year
1278,Z
1279,Zacchaeus
1280,Zachariah
1281,Zacharias
1282,Zadok
1283,Zaphnath-paaneah
1284,Zarephath
1285,Zebedee
1286,"Zeboim, Zeboiim"
1287,Zebulun
1288,Zechariah
1289,Zedekiah
1290,Zelotes
1291,Zephaniah
1292,Zerubbabel
1293,Zidon
1294,Zif
1295,Ziklag
1296,Zin
1297,Zion
1298,Zipporah
