,Isaiah_chapter,BoM_chapter
0,Isaiah 1:1,1 Nephi 19:23
1,Isaiah 1:1,2 Nephi 6:4
2,Isaiah 1:1,2 Nephi 11:8
3,Isaiah 1:1,2 Nephi 25:1
4,Isaiah 1:1,3 Nephi 20:11
5,Isaiah 1:3,2 Nephi 15:13
6,Isaiah 1:5,Helaman 7:17
7,Isaiah 1:7,2 Nephi 13:8
8,Isaiah 1:15,Mosiah 11:25
9,Isaiah 1:20,Alma 60:29
10,Isaiah 1:23,2 Nephi 19:16
11,Isaiah 1:24,2 Nephi 6:18
12,Isaiah 2:1,2 Nephi 12:1
13,Isaiah 2:2,3 Nephi 21:25
14,Isaiah 2:3,2 Nephi 8:4
15,Isaiah 2:3,3 Nephi 20:22
16,Isaiah 2:4,2 Nephi 12:4
17,Isaiah 2:4,2 Nephi 21:9
18,Isaiah 2:5,2 Nephi 12:5
19,Isaiah 2:6,2 Nephi 12:6
20,Isaiah 2:7,2 Nephi 12:7
21,Isaiah 2:8,2 Nephi 12:8
22,Isaiah 2:9,2 Nephi 12:9
23,Isaiah 2:10,2 Nephi 12:10
24,Isaiah 2:11,2 Nephi 12:11
25,Isaiah 2:14,2 Nephi 12:14
26,Isaiah 2:15,2 Nephi 12:15
27,Isaiah 2:16,2 Nephi 12:16
28,Isaiah 2:17,2 Nephi 12:17
29,Isaiah 2:17,2 Nephi 15:15
30,Isaiah 2:18,2 Nephi 12:18
31,Isaiah 2:19,2 Nephi 12:19
32,Isaiah 2:19,2 Nephi 12:21
33,Isaiah 2:20,2 Nephi 12:20
34,Isaiah 2:22,2 Nephi 12:22
35,Isaiah 5:8,2 Nephi 15:8
36,Isaiah 3:1,2 Nephi 13:1
37,Isaiah 5:8,Helaman 7:26
38,Isaiah 3:3,2 Nephi 13:3
39,Isaiah 5:9,2 Nephi 15:9
40,Isaiah 3:4,2 Nephi 13:4
41,Isaiah 5:9,Helaman 15:1
42,Isaiah 3:5,2 Nephi 13:5
43,Isaiah 5:10,2 Nephi 15:10
44,Isaiah 3:6,2 Nephi 13:6
45,Isaiah 5:11,2 Nephi 15:11
46,Isaiah 3:7,2 Nephi 13:7
47,Isaiah 5:14,2 Nephi 15:14
48,Isaiah 3:9,2 Nephi 13:9
49,Isaiah 5:15,2 Nephi 15:15
50,Isaiah 3:11,2 Nephi 13:11
51,Isaiah 5:16,2 Nephi 15:16
52,Isaiah 3:12,2 Nephi 13:12
53,Isaiah 5:17,2 Nephi 15:17
54,Isaiah 3:13,2 Nephi 13:13
55,Isaiah 5:18,2 Nephi 15:18
56,Isaiah 3:14,Alma 4:12
57,Isaiah 5:20,2 Nephi 15:20
58,Isaiah 3:15,2 Nephi 13:15
59,Isaiah 5:20,Moroni 7:14
60,Isaiah 3:16,2 Nephi 13:16
61,Isaiah 5:21,Helaman 16:15
62,Isaiah 3:18,2 Nephi 13:18
63,Isaiah 5:22,2 Nephi 15:22
64,Isaiah 3:19,2 Nephi 13:19
65,Isaiah 5:23,1 Nephi 22:15
66,Isaiah 3:19,Alma 31:28
67,Isaiah 5:23,2 Nephi 15:23
68,Isaiah 3:20,2 Nephi 13:20
69,Isaiah 5:25,2 Nephi 15:25
70,Isaiah 3:21,2 Nephi 13:21
71,Isaiah 5:25,2 Nephi 19:12
72,Isaiah 3:22,2 Nephi 13:22
73,Isaiah 5:25,2 Nephi 19:21
74,Isaiah 3:23,2 Nephi 13:23
75,Isaiah 5:25,2 Nephi 20:4
76,Isaiah 3:25,2 Nephi 13:25
77,Isaiah 5:26,2 Nephi 15:26
78,Isaiah 4:1,2 Nephi 14:1
79,Isaiah 5:26,2 Nephi 29:2
80,Isaiah 4:1,2 Nephi 23:12
81,Isaiah 5:27,2 Nephi 15:26
82,Isaiah 4:6,2 Nephi 14:6
83,Isaiah 5:27,2 Nephi 15:27
84,Isaiah 5:1,2 Nephi 15:1
85,Isaiah 5:28,2 Nephi 15:28
86,Isaiah 5:2,2 Nephi 15:2
87,Isaiah 5:29,2 Nephi 15:29
88,Isaiah 5:2,Jacob 5:40
89,Isaiah 5:29,3 Nephi 21:12
90,Isaiah 5:2,Jacob 5:45
91,Isaiah 5:30,2 Nephi 15:30
92,Isaiah 5:3,2 Nephi 15:3
93,Isaiah 5:30,2 Nephi 18:22
94,Isaiah 5:3,Jacob 5:13
95,Isaiah 6:1,2 Nephi 16:1
96,Isaiah 5:4,2 Nephi 15:4
97,Isaiah 6:2,2 Nephi 16:2
98,Isaiah 5:4,Jacob 5:41
99,Isaiah 6:3,2 Nephi 16:3
100,Isaiah 5:5,2 Nephi 15:5
101,Isaiah 6:3,Alma 36:22
102,Isaiah 5:6,Jacob 5:4
103,Isaiah 6:4,2 Nephi 16:4
104,Isaiah 5:6,Jacob 5:62
105,Isaiah 6:4,Mosiah 27:18
106,Isaiah 5:6,Jacob 5:69
107,Isaiah 6:4,Alma 36:7
108,Isaiah 5:7,2 Nephi 13:14
109,Isaiah 6:5,2 Nephi 16:5
110,Isaiah 5:7,2 Nephi 15:7
111,Isaiah 6:6,2 Nephi 16:6
112,Isaiah 6:7,2 Nephi 16:7
113,Isaiah 7:14,Mosiah 27:23
114,Isaiah 6:8,2 Nephi 16:8
115,Isaiah 7:14,Mosiah 27:32
116,Isaiah 6:10,2 Nephi 16:10
117,Isaiah 7:14,Mosiah 29:47
118,Isaiah 6:11,2 Nephi 16:11
119,Isaiah 7:14,Alma 1:2
120,Isaiah 6:12,2 Nephi 16:12
121,Isaiah 7:14,Alma 1:10
122,Isaiah 6:13,2 Nephi 16:13
123,Isaiah 7:14,Alma 1:11
124,Isaiah 7:1,2 Nephi 17:1
125,Isaiah 7:14,Alma 1:23
126,Isaiah 7:1,2 Nephi 18:6
127,Isaiah 7:14,Alma 2:21
128,Isaiah 7:2,2 Nephi 17:2
129,Isaiah 7:14,Alma 2:30
130,Isaiah 7:3,2 Nephi 17:3
131,Isaiah 7:14,Alma 2:32
132,Isaiah 7:4,2 Nephi 17:4
133,Isaiah 7:14,Alma 2:33
134,Isaiah 7:5,2 Nephi 17:5
135,Isaiah 7:14,Alma 5:11
136,Isaiah 7:6,2 Nephi 17:6
137,Isaiah 7:14,Alma 5:61
138,Isaiah 7:6,Alma 24:20
139,Isaiah 7:14,Alma 8:8
140,Isaiah 7:7,2 Nephi 17:7
141,Isaiah 7:14,Alma 8:9
142,Isaiah 7:8,2 Nephi 17:8
143,Isaiah 7:14,Alma 8:14
144,Isaiah 7:9,2 Nephi 17:9
145,Isaiah 7:14,Alma 8:18
146,Isaiah 7:10,2 Nephi 17:10
147,Isaiah 7:14,Alma 10:10
148,Isaiah 7:12,2 Nephi 17:12
149,Isaiah 7:14,Alma 12:2
150,Isaiah 7:13,2 Nephi 17:13
151,Isaiah 7:14,Alma 12:19
152,Isaiah 7:14,2 Nephi 17:14
153,Isaiah 7:14,Alma 14:13
154,Isaiah 7:14,2 Nephi 19:6
155,Isaiah 7:14,Alma 17:2
156,Isaiah 7:14,Mosiah 17:2
157,Isaiah 7:14,Alma 30:55
158,Isaiah 7:14,Mosiah 17:3
159,Isaiah 7:14,Alma 31:11
160,Isaiah 7:14,Mosiah 18:27
161,Isaiah 7:14,Alma 31:19
162,Isaiah 7:14,Mosiah 18:33
163,Isaiah 7:14,Alma 31:36
164,Isaiah 7:14,Mosiah 23:27
165,Isaiah 7:14,Alma 31:38
166,Isaiah 7:14,Mosiah 23:36
167,Isaiah 7:14,Alma 32:4
168,Isaiah 7:14,Mosiah 24:8
169,Isaiah 7:14,Alma 33:12
170,Isaiah 7:14,Mosiah 24:23
171,Isaiah 7:14,Alma 35:6
172,Isaiah 7:14,Mosiah 25:14
173,Isaiah 7:14,Alma 35:7
174,Isaiah 7:14,Mosiah 25:15
175,Isaiah 7:14,Alma 43:1
176,Isaiah 7:14,Mosiah 26:8
177,Isaiah 7:14,Alma 45:8
178,Isaiah 7:14,Mosiah 26:9
179,Isaiah 7:14,Alma 45:17
180,Isaiah 7:14,Mosiah 26:10
181,Isaiah 7:14,Helaman 6:25
182,Isaiah 7:14,Mosiah 26:12
183,Isaiah 7:14,Alma 7:10
184,Isaiah 7:14,Mosiah 26:34
185,Isaiah 7:15,2 Nephi 17:15
186,Isaiah 7:14,Mosiah 26:38
187,Isaiah 7:16,2 Nephi 17:16
188,Isaiah 7:14,Mosiah 27:17
189,Isaiah 7:17,2 Nephi 17:17
190,Isaiah 7:18,2 Nephi 17:18
191,Isaiah 9:4,2 Nephi 20:25
192,Isaiah 7:19,2 Nephi 17:19
193,Isaiah 9:5,2 Nephi 19:5
194,Isaiah 7:20,2 Nephi 17:20
195,Isaiah 9:6,2 Nephi 19:6
196,Isaiah 7:21,2 Nephi 17:21
197,Isaiah 9:6,Mosiah 7:27
198,Isaiah 7:22,2 Nephi 17:22
199,Isaiah 9:6,Mosiah 15:2
200,Isaiah 7:23,2 Nephi 15:6
201,Isaiah 9:6,Alma 11:39
202,Isaiah 7:23,2 Nephi 17:23
203,Isaiah 9:7,2 Nephi 19:7
204,Isaiah 7:24,2 Nephi 17:24
205,Isaiah 9:8,2 Nephi 19:8
206,Isaiah 7:25,2 Nephi 17:25
207,Isaiah 9:9,2 Nephi 9:28
208,Isaiah 8:1,2 Nephi 18:1
209,Isaiah 9:9,2 Nephi 19:9
210,Isaiah 8:2,2 Nephi 18:2
211,Isaiah 9:10,2 Nephi 19:10
212,Isaiah 8:3,2 Nephi 18:3
213,Isaiah 9:11,2 Nephi 19:11
214,Isaiah 8:4,2 Nephi 18:4
215,Isaiah 9:12,2 Nephi 19:12
216,Isaiah 8:5,2 Nephi 18:5
217,Isaiah 9:12,Jacob 5:47
218,Isaiah 8:6,2 Nephi 18:6
219,Isaiah 9:13,2 Nephi 19:13
220,Isaiah 8:7,2 Nephi 18:7
221,Isaiah 9:14,2 Nephi 19:14
222,Isaiah 8:8,2 Nephi 17:14
223,Isaiah 9:15,2 Nephi 19:15
224,Isaiah 8:8,2 Nephi 18:8
225,Isaiah 9:16,2 Nephi 13:12
226,Isaiah 8:9,2 Nephi 18:9
227,Isaiah 9:16,2 Nephi 19:16
228,Isaiah 8:10,2 Nephi 17:7
229,Isaiah 9:17,2 Nephi 19:17
230,Isaiah 8:10,2 Nephi 18:10
231,Isaiah 9:18,2 Nephi 19:18
232,Isaiah 8:11,2 Nephi 18:11
233,Isaiah 9:19,2 Nephi 19:19
234,Isaiah 8:12,2 Nephi 18:12
235,Isaiah 9:20,2 Nephi 19:20
236,Isaiah 8:13,2 Nephi 18:13
237,Isaiah 9:21,2 Nephi 19:21
238,Isaiah 8:14,2 Nephi 18:14
239,Isaiah 10:1,2 Nephi 20:1
240,Isaiah 8:14,Jacob 4:15
241,Isaiah 10:2,2 Nephi 20:2
242,Isaiah 8:15,2 Nephi 18:15
243,Isaiah 10:2,Mosiah 4:16
244,Isaiah 8:16,2 Nephi 18:16
245,Isaiah 10:3,2 Nephi 20:3
246,Isaiah 8:17,2 Nephi 18:17
247,Isaiah 10:4,2 Nephi 19:12
248,Isaiah 8:18,2 Nephi 18:18
249,Isaiah 10:4,2 Nephi 20:4
250,Isaiah 8:19,2 Nephi 18:19
251,Isaiah 10:5,2 Nephi 20:5
252,Isaiah 8:20,2 Nephi 18:20
253,Isaiah 10:6,2 Nephi 20:6
254,Isaiah 8:21,2 Nephi 18:21
255,Isaiah 10:7,2 Nephi 20:7
256,Isaiah 8:22,2 Nephi 18:22
257,Isaiah 10:8,2 Nephi 20:8
258,Isaiah 8:22,2 Nephi 19:19
259,Isaiah 10:9,2 Nephi 20:9
260,Isaiah 9:1,2 Nephi 19:1
261,Isaiah 10:9,Omni 1:8
262,Isaiah 9:2,2 Nephi 19:2
263,Isaiah 10:9,Omni 1:9
264,Isaiah 9:3,2 Nephi 19:3
265,Isaiah 10:10,2 Nephi 20:10
266,Isaiah 9:4,2 Nephi 19:4
267,Isaiah 10:11,2 Nephi 20:11
268,Isaiah 10:12,2 Nephi 18:7
269,Isaiah 11:7,2 Nephi 30:13
270,Isaiah 10:12,2 Nephi 20:12
271,Isaiah 11:8,2 Nephi 21:8
272,Isaiah 10:13,2 Nephi 20:13
273,Isaiah 11:8,2 Nephi 30:14
274,Isaiah 10:14,2 Nephi 20:14
275,Isaiah 11:9,2 Nephi 21:9
276,Isaiah 10:15,2 Nephi 20:15
277,Isaiah 11:9,2 Nephi 30:15
278,Isaiah 10:16,2 Nephi 15:17
279,Isaiah 11:10,2 Nephi 21:10
280,Isaiah 10:16,2 Nephi 20:16
281,Isaiah 11:11,2 Nephi 6:14
282,Isaiah 10:17,2 Nephi 19:14
283,Isaiah 11:11,2 Nephi 10:20
284,Isaiah 10:17,2 Nephi 20:17
285,Isaiah 11:11,2 Nephi 20:21
286,Isaiah 10:18,2 Nephi 20:18
287,Isaiah 11:11,2 Nephi 21:11
288,Isaiah 10:19,2 Nephi 20:19
289,Isaiah 11:11,2 Nephi 29:1
290,Isaiah 10:20,2 Nephi 20:20
291,Isaiah 11:12,1 Nephi 21:22
292,Isaiah 10:21,2 Nephi 20:21
293,Isaiah 11:12,2 Nephi 21:12
294,Isaiah 10:22,2 Nephi 20:22
295,Isaiah 11:12,3 Nephi 16:5
296,Isaiah 10:23,2 Nephi 20:23
297,Isaiah 11:13,2 Nephi 21:13
298,Isaiah 10:24,2 Nephi 20:24
299,Isaiah 11:14,2 Nephi 10:8
300,Isaiah 10:25,2 Nephi 20:25
301,Isaiah 11:14,2 Nephi 21:14
302,Isaiah 10:26,2 Nephi 20:26
303,Isaiah 11:15,2 Nephi 21:15
304,Isaiah 10:27,2 Nephi 20:27
305,Isaiah 11:16,2 Nephi 21:16
306,Isaiah 10:27,2 Nephi 24:25
307,Isaiah 12:1,2 Nephi 22:1
308,Isaiah 10:28,2 Nephi 20:28
309,Isaiah 12:2,2 Nephi 22:2
310,Isaiah 10:29,2 Nephi 20:29
311,Isaiah 12:3,2 Nephi 22:3
312,Isaiah 10:30,2 Nephi 20:30
313,Isaiah 12:4,2 Nephi 22:4
314,Isaiah 10:31,2 Nephi 20:31
315,Isaiah 12:5,2 Nephi 22:5
316,Isaiah 10:32,2 Nephi 20:32
317,Isaiah 12:6,2 Nephi 22:6
318,Isaiah 10:33,2 Nephi 20:33
319,Isaiah 13:1,2 Nephi 23:1
320,Isaiah 10:34,2 Nephi 20:34
321,Isaiah 13:2,2 Nephi 23:2
322,Isaiah 11:1,1 Nephi 1:12
323,Isaiah 13:3,2 Nephi 23:3
324,Isaiah 11:1,2 Nephi 21:1
325,Isaiah 13:4,2 Nephi 23:4
326,Isaiah 11:2,2 Nephi 21:2
327,Isaiah 13:5,2 Nephi 23:5
328,Isaiah 11:3,2 Nephi 21:3
329,Isaiah 13:6,2 Nephi 23:6
330,Isaiah 11:4,2 Nephi 7:8
331,Isaiah 13:7,2 Nephi 23:7
332,Isaiah 11:4,2 Nephi 21:4
333,Isaiah 13:8,2 Nephi 23:8
334,Isaiah 11:4,2 Nephi 30:9
335,Isaiah 13:9,2 Nephi 23:9
336,Isaiah 11:5,2 Nephi 21:5
337,Isaiah 13:10,2 Nephi 23:10
338,Isaiah 11:5,2 Nephi 30:11
339,Isaiah 13:11,2 Nephi 23:11
340,Isaiah 11:6,2 Nephi 21:6
341,Isaiah 13:12,2 Nephi 23:12
342,Isaiah 11:6,2 Nephi 30:12
343,Isaiah 13:13,2 Nephi 8:6
344,Isaiah 11:7,2 Nephi 21:7
345,Isaiah 13:13,2 Nephi 23:13
346,Isaiah 13:14,2 Nephi 23:14
347,Isaiah 14:26,2 Nephi 24:26
348,Isaiah 13:15,2 Nephi 23:15
349,Isaiah 14:27,2 Nephi 24:27
350,Isaiah 13:16,2 Nephi 23:16
351,Isaiah 14:28,2 Nephi 24:28
352,Isaiah 13:17,2 Nephi 23:17
353,Isaiah 14:29,2 Nephi 24:29
354,Isaiah 13:18,2 Nephi 23:18
355,Isaiah 14:30,2 Nephi 24:30
356,Isaiah 13:19,2 Nephi 23:19
357,Isaiah 14:31,2 Nephi 24:31
358,Isaiah 13:20,2 Nephi 23:20
359,Isaiah 14:32,2 Nephi 24:32
360,Isaiah 13:21,2 Nephi 23:21
361,Isaiah 17:10,Helaman 7:20
362,Isaiah 13:22,2 Nephi 23:22
363,Isaiah 18:3,1 Nephi 21:22
364,Isaiah 14:1,2 Nephi 24:1
365,Isaiah 18:7,1 Nephi 22:7
366,Isaiah 14:2,2 Nephi 24:2
367,Isaiah 18:7,3 Nephi 20:33
368,Isaiah 14:3,2 Nephi 24:3
369,Isaiah 19:22,2 Nephi 16:13
370,Isaiah 14:4,2 Nephi 24:4
371,Isaiah 19:23,2 Nephi 21:16
372,Isaiah 14:5,2 Nephi 24:5
373,Isaiah 21:2,2 Nephi 23:17
374,Isaiah 14:6,2 Nephi 24:6
375,Isaiah 22:4,Alma 31:2
376,Isaiah 14:7,2 Nephi 24:7
377,Isaiah 22:12,2 Nephi 13:24
378,Isaiah 14:8,2 Nephi 24:8
379,Isaiah 22:13,2 Nephi 28:8
380,Isaiah 14:9,2 Nephi 24:9
381,Isaiah 24:6,2 Nephi 23:11
382,Isaiah 14:10,2 Nephi 24:10
383,Isaiah 24:6,2 Nephi 27:2
384,Isaiah 14:11,2 Nephi 24:11
385,Isaiah 24:6,Jacob 6:3
386,Isaiah 14:11,Ether 14:22
387,Isaiah 24:6,3 Nephi 25:1
388,Isaiah 14:12,2 Nephi 2:17
389,Isaiah 24:23,2 Nephi 23:10
390,Isaiah 14:12,2 Nephi 9:8
391,Isaiah 25:4,2 Nephi 14:6
392,Isaiah 14:12,2 Nephi 24:12
393,Isaiah 25:8,Mosiah 16:8
394,Isaiah 14:13,2 Nephi 24:13
395,Isaiah 25:8,Alma 22:14
396,Isaiah 14:14,2 Nephi 24:14
397,Isaiah 25:8,Mormon 7:5
398,Isaiah 14:15,2 Nephi 23:19
399,Isaiah 25:12,1 Nephi 22:14
400,Isaiah 14:15,2 Nephi 24:15
401,Isaiah 26:2,Helaman 3:28
402,Isaiah 14:16,2 Nephi 24:16
403,Isaiah 26:19,Mosiah 13:35
404,Isaiah 14:17,2 Nephi 24:17
405,Isaiah 26:19,Alma 40:24
406,Isaiah 14:18,2 Nephi 24:18
407,Isaiah 27:1,2 Nephi 8:9
408,Isaiah 14:19,2 Nephi 24:19
409,Isaiah 27:6,Jacob 5:60
410,Isaiah 14:20,2 Nephi 24:20
411,Isaiah 27:6,Ether 13:11
412,Isaiah 14:21,2 Nephi 24:21
413,Isaiah 27:11,Jacob 5:58
414,Isaiah 14:22,2 Nephi 24:22
415,Isaiah 28:13,2 Nephi 28:30
416,Isaiah 14:23,2 Nephi 24:23
417,Isaiah 28:16,Jacob 4:16
418,Isaiah 14:24,2 Nephi 24:24
419,Isaiah 28:16,Helaman 5:12
420,Isaiah 14:25,2 Nephi 20:7
421,Isaiah 28:22,2 Nephi 20:22
422,Isaiah 14:25,2 Nephi 24:25
423,Isaiah 29:3,2 Nephi 26:15
424,Isaiah 29:4,2 Nephi 3:19
425,Isaiah 34:11,2 Nephi 24:23
426,Isaiah 29:4,2 Nephi 26:16
427,Isaiah 34:14,2 Nephi 23:21
428,Isaiah 29:4,2 Nephi 33:13
429,Isaiah 35:2,2 Nephi 8:3
430,Isaiah 29:4,Mormon 8:23
431,Isaiah 35:4,Mormon 3:15
432,Isaiah 29:4,Moroni 10:27
433,Isaiah 35:8,2 Nephi 8:10
434,Isaiah 29:5,2 Nephi 26:18
435,Isaiah 35:8,2 Nephi 21:16
436,Isaiah 29:7,2 Nephi 27:3
437,Isaiah 35:10,2 Nephi 8:11
438,Isaiah 29:9,2 Nephi 8:21
439,Isaiah 36:2,2 Nephi 17:3
440,Isaiah 29:9,2 Nephi 27:1
441,Isaiah 37:6,2 Nephi 20:24
442,Isaiah 29:9,2 Nephi 27:2
443,Isaiah 37:24,2 Nephi 12:13
444,Isaiah 29:11,2 Nephi 27:7
445,Isaiah 37:24,2 Nephi 20:13
446,Isaiah 29:11,2 Nephi 27:15
447,Isaiah 38:8,Helaman 12:14
448,Isaiah 29:11,2 Nephi 27:17
449,Isaiah 38:17,Mosiah 27:29
450,Isaiah 29:12,2 Nephi 27:18
451,Isaiah 40:3,1 Nephi 10:8
452,Isaiah 29:12,2 Nephi 27:19
453,Isaiah 40:4,Helaman 14:23
454,Isaiah 29:13,2 Nephi 27:25
455,Isaiah 40:4,3 Nephi 22:10
456,Isaiah 29:13,Alma 31:27
457,Isaiah 40:5,1 Nephi 19:17
458,Isaiah 29:14,1 Nephi 14:7
459,Isaiah 40:6,2 Nephi 8:12
460,Isaiah 29:14,1 Nephi 22:8
461,Isaiah 40:9,1 Nephi 15:20
462,Isaiah 29:14,2 Nephi 25:17
463,Isaiah 40:17,Helaman 12:7
464,Isaiah 29:14,2 Nephi 27:26
465,Isaiah 40:28,Mosiah 29:19
466,Isaiah 29:15,2 Nephi 27:27
467,Isaiah 40:31,2 Nephi 6:13
468,Isaiah 29:17,2 Nephi 27:28
469,Isaiah 41:8,1 Nephi 21:3
470,Isaiah 29:18,2 Nephi 27:29
471,Isaiah 41:11,2 Nephi 10:16
472,Isaiah 29:20,2 Nephi 27:31
473,Isaiah 41:17,1 Nephi 21:15
474,Isaiah 29:22,2 Nephi 27:33
475,Isaiah 41:18,1 Nephi 20:21
476,Isaiah 29:23,2 Nephi 27:34
477,Isaiah 41:24,2 Nephi 9:37
478,Isaiah 29:24,2 Nephi 27:35
479,Isaiah 41:29,3 Nephi 21:17
480,Isaiah 30:9,Helaman 13:26
481,Isaiah 42:1,1 Nephi 13:33
482,Isaiah 30:25,2 Nephi 12:14
483,Isaiah 42:4,2 Nephi 10:20
484,Isaiah 30:28,2 Nephi 18:8
485,Isaiah 42:8,1 Nephi 20:11
486,Isaiah 31:1,2 Nephi 18:12
487,Isaiah 42:9,1 Nephi 20:3
488,Isaiah 31:5,Alma 43:24
489,Isaiah 42:14,Mosiah 12:8
490,Isaiah 31:5,Alma 43:47
491,Isaiah 42:16,2 Nephi 3:5
492,Isaiah 32:13,2 Nephi 15:6
493,Isaiah 42:22,1 Nephi 15:9
494,Isaiah 33:2,Omni 1:13
495,Isaiah 42:22,1 Nephi 15:19
496,Isaiah 33:2,Mosiah 12:24
497,Isaiah 43:5,1 Nephi 21:12
498,Isaiah 33:14,Mosiah 27:28
499,Isaiah 43:6,1 Nephi 22:25
500,Isaiah 34:8,3 Nephi 21:21
501,Isaiah 43:14,1 Nephi 20:17
502,Isaiah 44:1,1 Nephi 20:20
503,Isaiah 48:4,1 Nephi 20:4
504,Isaiah 44:3,2 Nephi 9:50
505,Isaiah 48:5,1 Nephi 20:5
506,Isaiah 44:6,2 Nephi 11:2
507,Isaiah 48:5,Alma 37:3
508,Isaiah 44:8,2 Nephi 6:7
509,Isaiah 48:6,1 Nephi 20:6
510,Isaiah 44:12,1 Nephi 17:9
511,Isaiah 48:7,1 Nephi 20:7
512,Isaiah 44:18,Jacob 4:14
513,Isaiah 48:8,1 Nephi 20:8
514,Isaiah 44:18,3 Nephi 19:33
515,Isaiah 48:15,1 Nephi 20:15
516,Isaiah 44:21,3 Nephi 16:11
517,Isaiah 48:16,2 Nephi 26:23
518,Isaiah 44:21,3 Nephi 20:29
519,Isaiah 48:18,1 Nephi 20:18
520,Isaiah 44:23,1 Nephi 21:13
521,Isaiah 48:19,1 Nephi 20:19
522,Isaiah 44:24,1 Nephi 21:5
523,Isaiah 48:22,1 Nephi 20:22
524,Isaiah 44:27,Helaman 12:16
525,Isaiah 49:1,1 Nephi 21:1
526,Isaiah 45:1,1 Nephi 17:37
527,Isaiah 49:1,2 Nephi 10:21
528,Isaiah 45:1,1 Nephi 20:15
529,Isaiah 49:2,1 Nephi 21:2
530,Isaiah 45:3,3 Nephi 11:14
531,Isaiah 49:3,1 Nephi 21:3
532,Isaiah 45:4,1 Nephi 20:20
533,Isaiah 49:6,Jacob 5:53
534,Isaiah 45:5,2 Nephi 6:7
535,Isaiah 49:6,3 Nephi 23:2
536,Isaiah 45:7,Alma 5:40
537,Isaiah 49:7,1 Nephi 21:7
538,Isaiah 45:7,Moroni 7:12
539,Isaiah 49:8,1 Nephi 21:8
540,Isaiah 45:9,Jacob 4:10
541,Isaiah 49:9,1 Nephi 21:9
542,Isaiah 45:9,Mosiah 3:12
543,Isaiah 49:10,1 Nephi 21:10
544,Isaiah 45:9,Helaman 12:6
545,Isaiah 49:11,1 Nephi 21:11
546,Isaiah 45:15,3 Nephi 13:18
547,Isaiah 49:12,1 Nephi 21:12
548,Isaiah 45:17,Alma 34:10
549,Isaiah 49:13,1 Nephi 21:13
550,Isaiah 45:18,1 Nephi 17:36
551,Isaiah 49:14,1 Nephi 21:14
552,Isaiah 45:18,2 Nephi 2:12
553,Isaiah 49:16,1 Nephi 21:16
554,Isaiah 45:18,2 Nephi 2:15
555,Isaiah 49:17,1 Nephi 21:17
556,Isaiah 45:19,1 Nephi 20:16
557,Isaiah 49:18,1 Nephi 21:18
558,Isaiah 45:19,2 Nephi 25:28
559,Isaiah 49:19,1 Nephi 21:19
560,Isaiah 45:22,Ether 4:13
561,Isaiah 49:20,1 Nephi 21:20
562,Isaiah 45:22,Moroni 7:34
563,Isaiah 49:21,3 Nephi 22:1
564,Isaiah 45:24,Alma 26:12
565,Isaiah 49:22,1 Nephi 19:16
566,Isaiah 46:4,Mosiah 24:14
567,Isaiah 49:22,2 Nephi 6:6
568,Isaiah 46:9,2 Nephi 6:7
569,Isaiah 49:22,2 Nephi 10:9
570,Isaiah 46:10,1 Nephi 20:3
571,Isaiah 49:24,2 Nephi 6:16
572,Isaiah 48:1,1 Nephi 20:1
573,Isaiah 49:25,1 Nephi 21:25
574,Isaiah 48:2,1 Nephi 20:2
575,Isaiah 49:25,2 Nephi 6:17
576,Isaiah 48:3,1 Nephi 9:6
577,Isaiah 49:25,1 Nephi 21:24
578,Isaiah 48:3,1 Nephi 20:3
579,Isaiah 49:26,1 Nephi 22:13
580,Isaiah 49:26,Mosiah 27:36
581,Isaiah 52:6,3 Nephi 20:39
582,Isaiah 50:1,2 Nephi 7:1
583,Isaiah 52:7,1 Nephi 13:37
584,Isaiah 50:2,Alma 10:6
585,Isaiah 52:7,Mosiah 3:3
586,Isaiah 50:3,2 Nephi 7:3
587,Isaiah 52:7,Mosiah 12:21
588,Isaiah 50:5,2 Nephi 7:5
589,Isaiah 52:7,Mosiah 15:14
590,Isaiah 50:6,1 Nephi 19:9
591,Isaiah 52:7,Mosiah 15:15
592,Isaiah 50:7,2 Nephi 7:7
593,Isaiah 52:7,Mosiah 15:16
594,Isaiah 50:9,2 Nephi 8:8
595,Isaiah 52:7,Mosiah 15:17
596,Isaiah 50:10,2 Nephi 7:10
597,Isaiah 52:7,Mosiah 27:37
598,Isaiah 51:1,2 Nephi 8:1
599,Isaiah 52:7,Helaman 13:7
600,Isaiah 51:3,2 Nephi 8:3
601,Isaiah 52:7,3 Nephi 20:40
602,Isaiah 51:4,2 Nephi 8:4
603,Isaiah 52:8,Mosiah 12:22
604,Isaiah 51:5,2 Nephi 10:20
605,Isaiah 52:8,Mosiah 15:29
606,Isaiah 51:5,1 Nephi 22:4
607,Isaiah 52:8,3 Nephi 16:18
608,Isaiah 51:5,2 Nephi 8:5
609,Isaiah 52:8,3 Nephi 20:32
610,Isaiah 51:5,2 Nephi 10:8
611,Isaiah 52:9,Mosiah 12:23
612,Isaiah 51:5,2 Nephi 29:7
613,Isaiah 52:9,Mosiah 15:30
614,Isaiah 51:8,2 Nephi 8:8
615,Isaiah 52:9,3 Nephi 16:19
616,Isaiah 51:10,2 Nephi 8:10
617,Isaiah 52:10,1 Nephi 22:10
618,Isaiah 51:10,Helaman 12:16
619,Isaiah 52:10,Mosiah 12:24
620,Isaiah 51:11,Alma 40:12
621,Isaiah 52:10,Mosiah 15:31
622,Isaiah 51:14,2 Nephi 8:14
623,Isaiah 52:10,3 Nephi 16:20
624,Isaiah 51:15,2 Nephi 8:15
625,Isaiah 52:10,3 Nephi 20:35
626,Isaiah 51:16,2 Nephi 33:10
627,Isaiah 52:11,3 Nephi 20:41
628,Isaiah 51:16,Moroni 10:27
629,Isaiah 52:12,3 Nephi 20:42
630,Isaiah 51:18,2 Nephi 8:18
631,Isaiah 52:12,3 Nephi 21:29
632,Isaiah 51:20,2 Nephi 8:20
633,Isaiah 52:13,3 Nephi 20:43
634,Isaiah 51:22,2 Nephi 8:22
635,Isaiah 52:14,3 Nephi 20:44
636,Isaiah 51:23,3 Nephi 20:8
637,Isaiah 52:15,3 Nephi 20:45
638,Isaiah 52:1,1 Nephi 20:2
639,Isaiah 52:15,3 Nephi 21:8
640,Isaiah 52:1,2 Nephi 8:9
641,Isaiah 53:1,Mosiah 14:1
642,Isaiah 52:1,2 Nephi 8:24
643,Isaiah 53:2,2 Nephi 21:1
644,Isaiah 52:1,3 Nephi 20:36
645,Isaiah 53:2,Mosiah 14:2
646,Isaiah 52:1,Moroni 10:31
647,Isaiah 53:2,Helaman 8:20
648,Isaiah 52:2,2 Nephi 8:14
649,Isaiah 53:3,Mosiah 14:3
650,Isaiah 52:2,2 Nephi 8:25
651,Isaiah 53:4,2 Nephi 7:6
652,Isaiah 52:2,3 Nephi 20:37
653,Isaiah 53:4,Mosiah 3:7
654,Isaiah 52:3,2 Nephi 7:1
655,Isaiah 53:4,Mosiah 7:32
656,Isaiah 52:3,3 Nephi 20:38
657,Isaiah 53:4,Mosiah 14:4
658,Isaiah 53:5,Mosiah 14:5
659,Isaiah 54:15,3 Nephi 22:15
660,Isaiah 53:5,Alma 7:11
661,Isaiah 54:16,1 Nephi 17:11
662,Isaiah 53:6,2 Nephi 12:5
663,Isaiah 54:16,3 Nephi 22:16
664,Isaiah 53:6,Mosiah 14:6
665,Isaiah 54:17,Helaman 3:14
666,Isaiah 53:6,Alma 24:11
667,Isaiah 54:17,3 Nephi 22:17
668,Isaiah 53:6,Alma 30:26
669,Isaiah 55:1,2 Nephi 9:50
670,Isaiah 53:7,Mosiah 14:7
671,Isaiah 55:1,2 Nephi 26:25
672,Isaiah 53:7,Mosiah 15:6
673,Isaiah 55:1,Alma 1:20
674,Isaiah 53:8,Mosiah 14:8
675,Isaiah 55:2,2 Nephi 9:51
676,Isaiah 53:8,Mosiah 15:10
677,Isaiah 55:2,1 Nephi 21:4
678,Isaiah 53:9,Mosiah 14:9
679,Isaiah 55:3,3 Nephi 12:20
680,Isaiah 53:10,Mosiah 14:10
681,Isaiah 55:8,Jacob 4:8
682,Isaiah 53:10,Mosiah 15:7
683,Isaiah 55:8,Alma 24:27
684,Isaiah 53:10,Mosiah 15:10
685,Isaiah 55:8,Alma 37:7
686,Isaiah 53:11,Mosiah 14:11
687,Isaiah 55:8,Ether 3:5
688,Isaiah 53:12,2 Nephi 2:9
689,Isaiah 55:9,Mosiah 4:9
690,Isaiah 53:12,Mosiah 14:12
691,Isaiah 55:12,2 Nephi 24:7
692,Isaiah 53:12,Moroni 7:27
693,Isaiah 57:1,Alma 24:26
694,Isaiah 54:1,1 Nephi 21:21
695,Isaiah 57:14,1 Nephi 14:1
696,Isaiah 54:1,2 Nephi 22:6
697,Isaiah 57:14,Jacob 4:14
698,Isaiah 54:1,3 Nephi 20:34
699,Isaiah 57:21,Alma 41:10
700,Isaiah 54:1,3 Nephi 22:1
701,Isaiah 58:1,Alma 29:1
702,Isaiah 54:2,3 Nephi 22:2
703,Isaiah 58:3,Alma 34:28
704,Isaiah 54:2,Moroni 10:31
705,Isaiah 58:4,Alma 1:22
706,Isaiah 54:3,3 Nephi 22:3
707,Isaiah 58:5,3 Nephi 13:16
708,Isaiah 54:4,3 Nephi 22:4
709,Isaiah 58:6,2 Nephi 1:13
710,Isaiah 54:5,Jacob 2:6
711,Isaiah 58:6,Mosiah 23:12
712,Isaiah 54:5,Mosiah 15:1
713,Isaiah 58:6,Mosiah 27:29
714,Isaiah 54:5,3 Nephi 22:5
715,Isaiah 58:9,3 Nephi 18:20
716,Isaiah 54:6,3 Nephi 22:6
717,Isaiah 58:10,Mosiah 4:26
718,Isaiah 54:7,3 Nephi 22:7
719,Isaiah 59:2,Mosiah 11:25
720,Isaiah 54:8,2 Nephi 18:17
721,Isaiah 59:2,Alma 9:19
722,Isaiah 54:8,3 Nephi 22:8
723,Isaiah 59:2,Alma 39:12
724,Isaiah 54:9,3 Nephi 22:9
725,Isaiah 59:2,Alma 60:31
726,Isaiah 54:10,3 Nephi 22:10
727,Isaiah 59:2,Helaman 7:14
728,Isaiah 54:11,3 Nephi 22:11
729,Isaiah 59:2,Helaman 13:23
730,Isaiah 54:12,3 Nephi 22:12
731,Isaiah 59:2,Helaman 13:30
732,Isaiah 54:13,3 Nephi 22:13
733,Isaiah 59:3,Alma 5:22
734,Isaiah 54:14,3 Nephi 22:14
735,Isaiah 59:7,Helaman 12:4
736,Isaiah 59:12,2 Nephi 9:14
737,Isaiah 65:25,2 Nephi 30:12
738,Isaiah 59:12,Alma 5:23
739,Isaiah 66:1,1 Nephi 17:39
740,Isaiah 59:16,2 Nephi 1:15
741,Isaiah 66:16,2 Nephi 27:2
742,Isaiah 59:16,Jacob 6:5
743,Isaiah 66:16,3 Nephi 25:1
744,Isaiah 59:16,Alma 5:33
745,Isaiah 66:19,1 Nephi 21:22
746,Isaiah 59:16,3 Nephi 9:14
747,Isaiah 66:19,3 Nephi 21:1
748,Isaiah 59:18,Alma 36:15
749,Isaiah 59:18,Alma 41:3
750,Isaiah 59:18,Alma 42:27
751,Isaiah 59:20,3 Nephi 21:25
752,Isaiah 59:20,3 Nephi 24:1
753,Isaiah 59:20,3 Nephi 20:22
754,Isaiah 60:3,2 Nephi 24:1
755,Isaiah 60:4,1 Nephi 19:16
756,Isaiah 60:12,1 Nephi 22:14
757,Isaiah 60:12,2 Nephi 10:13
758,Isaiah 60:12,Ether 2:12
759,Isaiah 60:14,2 Nephi 24:2
760,Isaiah 60:16,1 Nephi 21:23
761,Isaiah 60:16,2 Nephi 6:7
762,Isaiah 60:16,2 Nephi 6:18
763,Isaiah 60:20,2 Nephi 14:5
764,Isaiah 60:21,2 Nephi 14:2
765,Isaiah 60:21,3 Nephi 22:13
766,Isaiah 61:1,2 Nephi 21:2
767,Isaiah 61:2,3 Nephi 21:21
768,Isaiah 61:3,2 Nephi 14:2
769,Isaiah 62:4,3 Nephi 22:6
770,Isaiah 62:10,1 Nephi 21:11
771,Isaiah 64:4,3 Nephi 17:16
772,Isaiah 64:8,Mosiah 15:2
773,Isaiah 64:8,Alma 11:39
774,Isaiah 65:2,2 Nephi 1:2
775,Isaiah 65:5,Alma 31:16
776,Isaiah 65:6,Mosiah 12:1
777,Isaiah 65:12,2 Nephi 7:2
778,Isaiah 65:12,Alma 5:37
779,Isaiah 65:24,Alma 9:26
780,Isaiah 65:25,2 Nephi 21:6
